{
  "display": {
    "title": "MBA",
    "favicon": "favicon_asset",
    "navmapThumbnail": "scene-thumbnail.png"
  },
  "owner": "",
  "contact": {
    "name": "Binary",
    "email": ""
  },
  "main": "bin/game.js",
  "tags": [],
  "scene": {
    "parcels": [
      "0,0",
      "0,1",
      "0,2",
      "0,3",
      "1,0",
      "1,1",
      "1,2",
      "1,3",
      "2,0",
      "2,1",
      "2,2",
      "2,3",
      "3,0",
      "3,1",
      "3,2",
      "3,3"
    ],
    "base": "0,0"
  },
  "source": {
    "version": 1,
    "origin": "builder",
    "projectId": "a64ebc02-795f-46c8-8f44-0bc34966ad68",
    "point": {
      "x": 0,
      "y": 0
    },
    "rotation": "east",
    "layout": {
      "rows": 4,
      "cols": 4
    }
  }
}